/*
SQLyog Enterprise - MySQL GUI v6.13
MySQL - 4.0.27-log : Database - itagu1
*********************************************************************
*/

/*!40101 SET NAMES latin1 */;

/*!40101 SET SQL_MODE=''*/;

create database if not exists `itagu1`;

USE `itagu1`;

/*!40014 SET @OLD_FOREIGN_KEY_CHECKS=@@FOREIGN_KEY_CHECKS, FOREIGN_KEY_CHECKS=0 */;
/*!40101 SET @OLD_SQL_MODE=@@SQL_MODE, SQL_MODE='NO_AUTO_VALUE_ON_ZERO' */;

/*Table structure for table `categoria` */

DROP TABLE IF EXISTS `categoria`;

CREATE TABLE `categoria` (
  `id` bigint(20) NOT NULL auto_increment,
  `categoria` varchar(50) default NULL,
  PRIMARY KEY  (`id`)
) TYPE=MyISAM;

/*Data for the table `categoria` */

insert  into `categoria`(`id`,`categoria`) values ('1','advocacia'),('2','angiologia'),('3','artesanato'),('4','bazar'),('5','bijuterias'),('6','calçados e acessórios'),('7','cartório'),('8','corretora de seguros'),('9','contabilidade'),('10','cosmésticos e perfumaria'),('11','curso'),('12','dermatologia'),('13','empréstimos'),('14','fonoaudiologia'),('15','foto e revelação'),('16','ginecologia'),('17','imobiliária'),('18','informática'),('19','jóias'),('20','lanchonete'),('21','loterias'),('22','materiais médicos'),('23','obstetrícia'),('24','odontologia'),('25','otorrino'),('26','papelaria'),('27','pizzaria'),('28','pediatria'),('29','pneumologia'),('30','plano de saúde'),('31','psiquiatria'),('32','roupa íntima'),('33','puericultura'),('34','salão de beleza'),('35','sorveteria'),('36','telefonia celular e acessórios'),('37','urologia'),('54','vestuário feminino e masculino'),('39','vestuário unissex e acessórios'),('40','vestuário masculino'),('43','construtora e terraplenagem'),('44','salão unissex'),('49','consultório'),('48','self - service'),('52','vestuário feminino'),('51','ginecologia e obstetrícia'),('53','acessório feminino'),('55','moda infantil');

/*Table structure for table `categoria_novidade` */

DROP TABLE IF EXISTS `categoria_novidade`;

CREATE TABLE `categoria_novidade` (
  `id` bigint(20) NOT NULL auto_increment,
  `categoria` varchar(50) default NULL,
  `titulo_img` varchar(50) default NULL,
  PRIMARY KEY  (`id`)
) TYPE=MyISAM;

/*Data for the table `categoria_novidade` */

insert  into `categoria_novidade`(`id`,`categoria`,`titulo_img`) values ('30','Qual é a Boa?','titulo_entretenimento_evento_lazer_2.gif'),('34','Itaguaí Shopping Center','titulo_shopping_novidade.gif'),('27','Na Web','titulo_shopping_novidade_2.gif'),('28','Serviços','titulo_shopping_novidade_3.gif'),('29','Fim de Semana','titulo_entretenimento_evento_lazer_1.gif'),('33','Eventos','titulo_entretenimento_evento_lazer.gif');

/*Table structure for table `fotos` */

DROP TABLE IF EXISTS `fotos`;

CREATE TABLE `fotos` (
  `id_foto` bigint(20) NOT NULL auto_increment,
  `id` bigint(20) default NULL,
  `descricao` varchar(50) default NULL,
  `arquivo` varchar(60) default NULL,
  PRIMARY KEY  (`id_foto`)
) TYPE=MyISAM;

/*Data for the table `fotos` */

insert  into `fotos`(`id_foto`,`id`,`descricao`,`arquivo`) values ('38','127','Planta Virtual','DSCF2262_1.JPG'),('14','123','Dia das Crianças no Itaguaí Shopping','Imagem025.jpg'),('15','123','Dia das Crianças no Itaguaí Shopping','Imagem030.jpg'),('16','123','Dia das Crianças no Itaguaí Shopping','Imagem040.jpg'),('12','131','Itaguaí Shopping','DSCF2329_1.JPG'),('11','131','Itaguaí Shopping','DSCF2254_1.JPG'),('10','131','Itaguaí Shopping','DSCF2258_1.JPG'),('9','131','Itaguaí Shopping','DSCF2290_1.JPG'),('17','123','Dia das Crianças no Itaguaí Shopping','Imagem040_1.jpg'),('18','123','Dia das Crianças no Itaguaí Shopping','Imagem041.jpg'),('19','123','Dia das Crianças no Itaguaí Shopping','Imagem060.jpg'),('20','123','Dia das Crianças no Itaguaí Shopping','Imagem067.jpg'),('21','123','Dia das Crianças no Itaguaí Shopping','Imagem091.jpg'),('22','123','Dia das Crianças no Itaguaí Shopping','Imagem104.jpg'),('23','123','Dia das Crianças no Itaguaí Shopping','Imagem114.jpg'),('24','123','Dia das Crianças no Itaguaí Shopping','Imagem169.jpg'),('25','123','Dia das Crianças no Itaguaí Shopping','Imagem171.jpg'),('26','123','Dia das Crianças no Itaguaí Shopping','Imagem180.jpg'),('27','123','Dia das Crianças no Itaguaí Shopping','Imagem191.jpg'),('28','123','Dia das Crianças no Itaguaí Shopping','Imagem198.jpg'),('29','123','Dia das Crianças no Itaguaí Shopping','Imagem198_1.jpg'),('30','123','Dia das Crianças no Itaguaí Shopping','Imagem200.jpg'),('31','123','Dia das Crianças no Itaguaí Shopping','Imagem208.jpg'),('32','123','Dia das Crianças no Itaguaí Shopping','Imagem210.jpg'),('33','123','Dia das Crianças no Itaguaí Shopping','Imagem214.jpg'),('37','131','Itaguaí Shopping','DSCF2268_1.JPG'),('39','127','Planta Virtual','DSCF2263_1.JPG'),('41','127','Planta Virtual','DSCF2276_1.JPG'),('42','128','Música Ao Vivo','DSCF2285_1.JPG'),('43','128','Música Ao Vivo','DSCF2291_1.JPG'),('44','128','Música Ao Vivo','DSCF2339_1.JPG'),('45','128','Música Ao Vivo','DSCF2346.JPG'),('46','128','Música Ao Vivo','DSCF2391_1.JPG'),('47','127','Planta Virtual','DSCF2303_3.JPG'),('48','127','Planta Virtual','DSCF2359_1.JPG'),('52','126','Lançamento do Nosso Web Site','DSCF2280_1.JPG'),('53','126','Lançamento do Nosso Web Site','DSCF2288_1.JPG'),('55','126','Lançamento do Nosso Web Site','DSCF2294_1.JPG'),('56','126','Lançamento do Nosso Web Site','DSCF2308_1.JPG'),('57','126','Lançamento do Nosso Web Site','DSCF2381_1.JPG'),('58','129','Campanhas Promocionais','DSCF2282_1.JPG'),('59','129','Campanhas Promocionais','DSCF2298_1.JPG'),('60','129','Campanhas Promocionais','DSCF2324_1.JPG'),('63','129','Campanhas Promocionais','DSCF2361_2.JPG'),('62','129','Campanhas Promocionais','DSCF2388_1.JPG'),('121','132','Natal no Itaguaí Shopping Center','06.jpg'),('122','132','Natal no Itaguaí Shopping Center','05.jpg'),('107','132','Natal no Itaguaí Shopping Center','20.jpg'),('108','132','Natal no Itaguaí Shopping Center','19.jpg'),('109','132','Natal no Itaguaí Shopping Center','18.jpg'),('110','132','Natal no Itaguaí Shopping Center','17.jpg'),('111','132','Natal no Itaguaí Shopping Center','16.jpg'),('112','132','Natal no Itaguaí Shopping Center','15.jpg'),('105','132','Natal no Itaguí Shopping Center','02.jpg'),('106','132','Natal no Itaguí Shopping Center','03.jpg'),('104','132','Natal no Itaguí Shopping Center','01_1.jpg'),('120','132','Natal no Itaguaí Shopping Center','07.jpg'),('113','132','Natal no Itaguaí Shopping Center','14.jpg'),('114','132','Natal no Itaguaí Shopping Center','13.jpg'),('115','132','Natal no Itaguaí Shopping Center','12.jpg'),('116','132','Natal no Itaguaí Shopping Center','11.jpg'),('117','132','Natal no Itaguaí Shopping Center','10.jpg'),('118','132','Natal no Itaguaí Shopping Center','09.jpg'),('119','132','Natal no Itaguaí Shopping Center','08.jpg'),('123','132','Natal no Itaguaí Shopping Center','04.jpg');

/*Table structure for table `lojas` */

DROP TABLE IF EXISTS `lojas`;

CREATE TABLE `lojas` (
  `id` bigint(20) NOT NULL auto_increment,
  `login` varchar(30) default NULL,
  `senha` varchar(30) default NULL,
  `nome` varchar(100) default NULL,
  `titulo` varchar(60) default NULL,
  `gif_nome` varchar(50) default NULL,
  `descricao` longtext,
  `atividade` varchar(60) default NULL,
  `andar` varchar(20) default NULL,
  `numero` varchar(20) default NULL,
  `telefone` varchar(100) default NULL,
  `email` varchar(100) default NULL,
  `website` varchar(100) default NULL,
  `logotipo` varchar(50) default NULL,
  `foto` varchar(50) default NULL,
  `flash` varchar(50) default NULL,
  `categoria` varchar(50) default NULL,
  `promocao1` varchar(50) default NULL,
  `foto1` varchar(40) default NULL,
  `valor1` varchar(20) default NULL,
  `promocao2` varchar(50) default NULL,
  `foto2` varchar(40) default NULL,
  `valor2` varchar(20) default NULL,
  `promocao3` varchar(50) default NULL,
  `foto3` varchar(40) default NULL,
  `valor3` varchar(20) default NULL,
  `promocao4` varchar(50) default NULL,
  `foto4` varchar(40) default NULL,
  `valor4` varchar(20) default NULL,
  PRIMARY KEY  (`id`)
) TYPE=MyISAM;

/*Data for the table `lojas` */

insert  into `lojas`(`id`,`login`,`senha`,`nome`,`titulo`,`gif_nome`,`descricao`,`atividade`,`andar`,`numero`,`telefone`,`email`,`website`,`logotipo`,`foto`,`flash`,`categoria`,`promocao1`,`foto1`,`valor1`,`promocao2`,`foto2`,`valor2`,`promocao3`,`foto3`,`valor3`,`promocao4`,`foto4`,`valor4`) values ('38','cartorio2','c1a1l5','Cartório 2º Ofício','Cartório 2º Ofício','titulo_loja_cartorio_2oficio.gif','Em Breve','Cartório','1º','115/116','21 2688 6246','cartorio@2oficiojustica.com.br','www.2oficiojustica.com.br','logo_2oficio.jpg','DSCF2266.JPG','cartorio2.swf','cartório','Nome','embreve_02_11.gif','VALOR','Nome','embreve_02_10.gif','VALOR','Nome','embreve_02_8.gif','VALOR','Nome','embreve_02_9.gif','VALOR'),('39','casa','c1a3l6','Casa da Informática','Casa da Informática','titulo_loja_casa_da_informatica.gif','Em Breve','Informática','3º','326','21 2688 3629','casadinformatica@hotmail.com',NULL,'logoquadro_01_45.gif','DSCF2365.JPG','casadainformatica.swf','informática','Nome','embreve_02_15.gif','VALOR','Nome','embreve_02_14.gif','VALOR','Nome','embreve_02_12.gif','VALOR','Nome','embreve_02_13.gif','VALOR'),('40','center','c1a3l4','Center Itaguaí','Center Itaguaí','titulo_loja_center_itaguai.gif','Medidores de glicose, medidores de pressão arterial (digital e analógico), nebulizadores, aspiradores, tiras para medir glicose, móveis hospitalares, balanças, lupas para esteticista, bengala, muleta, andador, cadeira de rodas, próteses sob medida, palmilhas sob medida, travesseiros anti-alérgicos, meias medicinais, joelheiras, tornozeleiras, tipóias, sandália para gesso e muito mais. Consulte-nos! ','Materiais Médicos, Hospitalares e Ortopédicos','3º','304','21 2688 7536',NULL,NULL,'logoquadro_01_44.gif','DSCF2352.JPG','centeritaguai.swf','materiais médicos','Nome','embreve_02_19.gif','VALOR','Nome','embreve_02_18.gif','VALOR','Nome','embreve_02_16.gif','VALOR','Nome','embreve_02_17.gif','VALOR'),('41','cinthya','c1a1l2','Cinthya Cabeleireiro','Cinthya Cabeleireiros','titulo_loja_cinthiya_cabeleireiros.gif','Corte de cabelo, pé e mão, balayage, relaxamento, depilação, sobrancelha de hena, \"Dia da noiva\" (debutantes e noivas) e maquiagem.','Salão de Beleza','1º','102','21 2688 7460','apcintiahair@hotmail.com',NULL,'logoquadro_01_43.gif','DSCF2282.JPG','cinthya.swf','salão de beleza','Nome','embreve_02_23.gif','VALOR','Nome','embreve_02_22.gif','VALOR','Nome','embreve_02_20.gif','VALOR','Nome','embreve_02_21.gif','VALOR'),('42','computer','c1a3l8','Computer Ita Shop','Computer Ita Shop','titulo_loja_computer_ita_shop.gif','Em Breve','Informática','3º','328','21 2688 5582',NULL,NULL,'logo_computeritashop.jpg','DSCF2359.JPG','computeritashop.swf','informática','Nome','embreve_02_27.gif','VALOR','Nome','embreve_02_26.gif','VALOR','Nome','embreve_02_24.gif','VALOR','Nome','embreve_02_25.gif','VALOR'),('43','contabilidade','c1a4l3','Contabilidade Tinoco','Contabilidade Tinoco','titulo_loja_contabilidade_tinoco.gif','Em Breve',NULL,'4º','413','21 2688 1106',NULL,NULL,'logoquadro_01_42.gif','DSCF2392.JPG','contabilidadetinoco.swf','contabilidade','Nome','embreve_02_31.gif','VALOR','Nome','embreve_02_30.gif','VALOR','Nome','embreve_02_28.gif','VALOR','Nome','embreve_02_29.gif','VALOR'),('44','costaverdecred','c1a2l9','Costa Verde Cred','Costa Verde Cred','titulo_loja_costa_verde_cred.gif','Em Breve','Empréstimos','2º','219','21 2687 0426',NULL,NULL,'logoquadro_01_41.gif','DSCF2326.JPG','costaverdecred.swf','empréstimos','Nome','embreve_02_34.gif','VALOR','Nome','embreve_02_33.gif','VALOR','Nome','embreve_02_36.gif','VALOR','Nome','embreve_02_32.gif','VALOR'),('36','cacique','c1a4l6','Cacique Empréstimo','Cacique Empréstimo Pessoal','titulo_loja_cacique.gif','Em Breve','Empréstimos','2º','220','21 2687 4151',NULL,NULL,'logo_cacique_01.jpg','DSCF2391.JPG','cacique.swf','empréstimos','Nome','embreve_02.gif','VALOR','Nome','embreve_02_3.gif','VALOR','Nome','embreve_02_1.gif','VALOR','Nome','embreve_02_2.gif','VALOR'),('37','cartorio1','c1a1l1','Cartório 1º Registro','Cartório 1º Registro Civil','titulo_loja_cartorio_1registro.gif','Em Breve','Cartório','1º','101/122','21 2687 0830',NULL,NULL,'logoquadro_01_46.gif','DSCF2280.JPG','cartorio1.swf','cartório','Nome','embreve_02_7.gif','VALOR','Nome','embreve_02_6.gif','VALOR','Nome','embreve_02_4.gif','VALOR','Nome','embreve_02_5.gif','VALOR'),('45','costaverdeimobiliaria','c1a4l5','Costa Verde Imobiliária','Costa Verde Imobiliária','titulo_loja_costa_verde_imobiliaria.gif','Em Breve','Imobiliária','4º','405','21 2688 1779',NULL,NULL,'logoquadro_01_50.gif','DSCF2381.JPG','costaverdeimobiliaria_1.swf','imobiliária','Nome','embreve_02_34.gif','VALOR','Nome','embreve_02_33.gif','VALOR','Nome','embreve_02_36.gif','VALOR','Nome','embreve_02_32.gif','VALOR'),('46','cruzeiro','c1a4l4','Cruzeiro do Norte','Cruzeiro do Norte','titulo_loja_cruzeirodonorte.gif','A empresa Cruzeiro do Norte trabalha direto com o serviço de Terraplenagem, aterro e locação de equipamento. ','Construtora e Terraplenagem','4º','403/404','21 3782 4696','cruzeirodonorte@ig.com.br','www.cruzeirodonorte.com.br','logo_cruzeirodonorte.gif','embreve_03_gr.gif','cruzeirodonorte.swf','construtora e terraplenagem','Nome','embreve_02_71.gif','VALOR','Nome','embreve_02_70.gif','VALOR','Nome','embreve_02_68.gif','VALOR','Nome','embreve_02_69.gif','VALOR'),('47','design','d1a3l9','Design Salão Unissex','Design Salão Unissex','titulo_loja_design_salao_unissex.gif','Em Breve','Salão Unissex','3º','329','21 8809 9714',NULL,NULL,'logoquadro_01_39.gif','DSCF2357.JPG','designsalao.swf','salão unissex','Nome','embreve_02_39.gif','VALOR','Nome','embreve_02_38.gif','VALOR','Nome','embreve_02_35.gif','VALOR','Nome','embreve_02_37.gif','VALOR'),('48','dimomento','d1a1l7','Di Momento Lingerie','Di Momento Lingerie','titulo_loja_di_momento_lingerie.gif','Em Breve','Roupa Íntima','1º','107','21 2688 2032',NULL,NULL,'logoquadro_01_38.gif','DSCF2291.JPG','dimomento_2.swf','roupa íntima','Nome','embreve_02_43.gif','VALOR','Nome','embreve_02_42.gif','VALOR','Nome','embreve_02_40.gif','VALOR','Nome','embreve_02_41.gif','VALOR'),('49','dr.camilo','d1a3s7','Dr. Camilo','Dr. Camilo','titulo_loja_dr_camilo.gif','Em Breve','Dermatologia','3º','316/317','21 2688 2397',NULL,NULL,'logoquadro_01_36.gif','DSCF2375.JPG','drcamilo.swf','dermatologia','Nome','embreve_02_47.gif','VALOR','Nome','embreve_02_46.gif','VALOR','Nome','embreve_02_44.gif','VALOR','Nome','embreve_02_45.gif','VALOR'),('50','dr.eduardo','d1a4l9','Dr. Eduardo','Dr. Eduardo','titulo_loja_dr_eduardo.gif','Em Breve','Ginecologia e Obstetrícia','4º','409','21 2688 6298',NULL,NULL,'logoquadro_01_37.gif','DSCF2384.JPG','dreduardo.swf','ginecologia e obstetrícia','Nome','embreve_02_51.gif','VALOR','Nome','embreve_02_50.gif','VALOR','Nome','embreve_02_48.gif','VALOR','Nome','embreve_02_49.gif','VALOR'),('51','dr.evandro','d1a4l8','Dr. Evandro','Dr. Evandro','titulo_loja_dr_evandro.gif','Em Breve','Advocacia','4º','428','21 2688 6879',NULL,NULL,'logoquadro_01_35.gif','DSCF2379.JPG','drevandro.swf','advocacia','Nome','embreve_02_55.gif','VALOR','Nome','embreve_02_54.gif','VALOR','Nome','embreve_02_52.gif','VALOR','Nome','embreve_02_53.gif','VALOR'),('52','dr.fernando','d1a4l8','Dr. Fernando Horta','Dr. Fernando Horta','titulo_loja_dr_fernando_horta.gif','Em Breve','Odontologia','4º','408',NULL,NULL,NULL,'logoquadro_01_34.gif','DSCF2383.JPG','drfernandohorta.swf','odontologia','Nome','embreve_02_59.gif','VALOR','Nome','embreve_02_58.gif','VALOR','Nome','embreve_02_56.gif','VALOR','Nome','embreve_02_57.gif','VALOR'),('53','dr.hélio','d1a3l6','Dr. Hélio Lamego Neto','Dr. Hélio Lamego Neto','titulo_loja_dr_helio_lamego_neto.gif','Em Breve','Consultório','3º','306',NULL,NULL,NULL,'logoquadro_01_47.gif','DSCF2348.JPG','drheliolamego.swf','consultório','Nome','embreve_02_63.gif','VALOR','Nome','embreve_02_62.gif','VALOR','Nome','embreve_02_60.gif','VALOR','Nome','embreve_02_61.gif','VALOR'),('55','dr.lins','d1a4l9','Dr. Lins','Dr. Lins','titulo_loja_dr_lins.gif','Em Breve','Urologia','4º','409','21 2688 6298',NULL,NULL,'logoquadro_01_32.gif','DSCF2384_1.JPG','drlins.swf','urologia','Nome','embreve_02_67.gif','VALOR','Nome','embreve_02_66.gif','VALOR','Nome','embreve_02_64.gif','VALOR','Nome','embreve_02_65.gif','VALOR'),('56','dr.marco','d1a3l1','Dr. Marco Barreto','Dr. Marco Barreto','titulo_loja_dr_marco_barreto.gif','Em Breve','Psiquiatria','3º','301','21 2688 3740',NULL,NULL,'logoquadro_01_31.gif','DSCF2356.JPG','drmarcobarreto.swf','psiquiatria','Nome','embreve_02_75.gif','VALOR','Nome','embreve_02_74.gif','VALOR','Nome','embreve_02_72.gif','VALOR','Nome','embreve_02_73.gif','VALOR'),('57','dr.roberto','d1a3l0','Dr. Roberto Franklin','Dr. Roberto Franklin','titulo_loja_dr_roberto_franklin.gif','Em Breve','Pediatria','3º','310','21 2687 5575',NULL,NULL,'logoquadro_01_30.gif','DSCF2343.JPG','drrobertofranklin.swf','pediatria','Nome','embreve_02_83.gif','VALOR','Nome','embreve_02_82.gif','VALOR','Nome','embreve_02_80.gif','VALOR','Nome','embreve_02_81.gif','VALOR'),('58','dr.marcus','d1a3l1','Dr. Marcus Vinicius','Dr. Marcus Vinicius','titulo_loja_dr_marcus_vinicius.gif','Em Breve','Consultório','3º','301','21 2688 3740',NULL,NULL,'logoquadro_01_29.gif','DSCF2356_1.JPG','drmarcusvinicius.swf','consultório','Nome','embreve_02_79.gif','VALOR','Nome','embreve_02_78.gif','VALOR','Nome','embreve_02_76.gif','VALOR','Nome','embreve_02_77.gif','VALOR'),('59','dr.ronaldo','d1a4l9','Dr. Ronaldo','Dr. Ronaldo','titulo_loja_dr_ronaldo.gif','Em Breve','Angiologia','4º','409','21 2688 6298',NULL,NULL,'logoquadro_01_28.gif','DSCF2384_2.JPG','drronaldo.swf','angiologia','Nome','embreve_02_87.gif','VALOR','Nome','embreve_02_86.gif','VALOR','Nome','embreve_02_84.gif','VALOR','Nome','embreve_02_85.gif','VALOR'),('60','dra.elizabeth','d1a4l9','Drª. Elizabeth','Drª. Elizabeth','titulo_loja_dra_elizabeth.gif','Em Breve','Ginecologia e Obstetrícia','4º','409','21 2688 6298',NULL,NULL,'logoquadro_01.gif','DSCF2384_3.JPG','draelizabeth.swf','ginecologia e obstetrícia','Nome','embreve_02_91.gif','VALOR','Nome','embreve_02_90.gif','VALOR','Nome','embreve_02_88.gif','VALOR','Nome','embreve_02_89.gif','VALOR'),('61','dra.glaucia','d1a4l0','Drª. Gláucia Monteiro','Drª. Gláucia Monteiro','titulo_loja_dra_glaucia_monteiro.gif','Em Breve','Pediatria e Puericultura','4º','410','21 2688 6169',NULL,NULL,'logoquadro_01_1.gif','DSCF2386.JPG','draglaucia.swf','pediatria','Nome','embreve_02_95.gif','VALOR','Nome','embreve_02_94.gif','VALOR','Nome','embreve_02_92.gif','VALOR','Nome','embreve_02_93.gif','VALOR'),('62','dra.lilian','d1a1l5','Drª. Lílian Mendonça','Drª. Lílian Mendonça','titulo_loja_dra_lilian_mendon_a.gif','Em Breve','Otorrino','3º','325','21 2688 3898',NULL,NULL,'logoquadro_01_2.gif','DSCF2369.JPG','dralilian.swf','otorrino','Nome','embreve_02_99.gif','VALOR','Nome','embreve_02_98.gif','VALOR','Nome','embreve_02_96.gif','VALOR','Nome','embreve_02_97.gif','VALOR'),('63','dra.mariusa','d1a3l1','Drª. Mariusa','Drª. Mariusa','titulo_loja_dra_mariusa.gif','Em Breve','Pediatria','3º','301','21 2688 3740',NULL,NULL,'logoquadro_01_3.gif','DSCF2356_2.JPG','dramariusa.swf','pediatria','Nome','embreve_02_103.gif','VALOR','Nome','embreve_02_102.gif','VALOR','Nome','embreve_02_100.gif','VALOR','Nome','embreve_02_101.gif','VALOR'),('64','dra.renatacorreia','d1a3l9','Drª. Renata Correia','Drª. Renata Correia Leal Cabral','titulo_loja_dra_renata_correia_leal_cabral.gif','Clareamento, Tratamento de Canal, Prótese, Piercing Dental, Trabalhos em Porcelana, Ortodontia (Aparelhos Fixos e Móveis).','Odontologia','3º','319','21 2688 4395',NULL,NULL,'logoquadro_01_4.gif','DSCF2374.JPG','drarenataleal.swf','odontologia','Nome','embreve_02_107.gif','VALOR','Nome','embreve_02_106.gif','VALOR','Nome','embreve_02_104.gif','VALOR','Nome','embreve_02_105.gif','VALOR'),('65','dra.renatamendonca','d1a3l5','Drª. Renata Mendonça','Drª. Renata Mendonça','titulo_loja_dra_renata_mendonca.gif','Em Breve','Fonoaudiologia','3º','325','21 2688 3898',NULL,NULL,'logoquadro_01_40.gif','DSCF2369_2.JPG','drarenatamendonca.swf','fonoaudiologia','Nome','embreve_02_107.gif','VALOR','Nome','embreve_02_106.gif','VALOR','Nome','embreve_02_104.gif','VALOR','Nome','embreve_02_105.gif','VALOR'),('66','dra.sonia','d1a4l9','Drª. Sônia Regina','Drª. Sônia Regina','titulo_loja_dra_sonia_regina.gif','Em Breve','Pneumologia','4º','409','21 2688 6298',NULL,NULL,'logoquadro_01_6.gif','DSCF2384_4.JPG','drasoniaregina.swf','pneumologia','Nome','embreve_02_111.gif','VALOR','Nome','embreve_02_110.gif','VALOR','Nome','embreve_02_108.gif','VALOR','Nome','embreve_02_109.gif','VALOR'),('67','fattima','f1a3l4','Fáttima Loureiro','Fáttima Loureiro','titulo_loja_fattima_loureiro.gif','Em Breve','Vestuário Unissex e Acessórios','3º','314','21 2688 1340',NULL,NULL,'logoquadro_01_7.gif','DSCF2334.JPG','fattimaloureiro.swf','vestuário unissex e acessórios','Nome','embreve_02_115.gif','VALOR','Nome','embreve_02_114.gif','VALOR','Nome','embreve_02_112.gif','VALOR','Nome','embreve_02_113.gif','VALOR'),('68','fazendo','f1a1l0','Fazendo Arte','Fazendo Arte','titulo_loja_fazendo_arte.gif','Vendemos materiais para artesanato: tinta óleo/acrílica, tinta de tecido, PVA, guache, pincéis, peças em MDF, tecidos e telas para pintura, meia de seda, essências, corantes, parafina, glicerina, moldes de silicone, cortadores, massa para biscuit, entre outros.\r\nTrabalhamos também com artigos para decoração.\r\nTemos cursos artesanais: pint. em madeira, pint. em tela, tela infantil, desenho artístico, desenho infantil, biscuit, biscuit infantil, arte francesa, pint. em tecido, crochê, bordado em pedraria. ','Artesanato, Acessórios para Decoração, Cursos e outros.','1º','110','21 2688 1757',NULL,NULL,'logoquadro_01_8.gif','DSCF2256.JPG','fazendoarte.swf','foto e revelação','Nome','embreve_02_119.gif','VALOR','Nome','embreve_02_118.gif','VALOR','Nome','embreve_02_116.gif','VALOR','Nome','embreve_02_117.gif','VALOR'),('69','fotolaser','f1a1l8','Foto Laser','Foto Laser','titulo_loja_foto_laser.gif','Em Breve','Foto Revelação','1º','108','21 2688 6871','fotolaser@veloxmail.com',NULL,'Logo.JPG','DSCF2294.JPG','fotolaser.swf','foto e revelação','Nome','embreve_02_123.gif','VALOR','Nome','embreve_02_122.gif','VALOR','Nome','embreve_02_120.gif','VALOR','Nome','embreve_02_121.gif','VALOR'),('70','fotoplimplim','f1a2l6','Foto Plim Plim','Foto Plim Plim','titulo_loja_foto_plim_plim.gif','A Foto PlimPlim possui uma equipe qualificada e treinada que faz parte da organização, atuando nos diversos segmentos do mercado fotográfico.\r\n\r\nA empresa conta com equipamentos de última geração – os minilabs – para revelação de fotos no espaço de apenas uma hora, o que proporciona rapidez e qualidade ao serviço prestado pela Foto PlimPlim.\r\n\r\nAlém da qualidade e garantia dos produtos e serviços Foto PlimPlim você encontra toda a gama de serviços que envolvem imagem com um arsenal de saídas digitais.\r\n\r\nA Foto PlimPlim conta com uma equipe qualificada e treinada dentro dos padrões de exigência da FUJIFILM do Brasil. A tendência atual das lojas é de auto atendimento assistido, cujo objetivo é oferecer ao cliente uma experiência de compra fazendo com que os funcionários atuem como consultores.\r\n','Foto Revelação','2º','205/206','21 2687 0789',NULL,'www.fotoplimplim.com.br','01.jpg','DSCF2313.JPG','fotoplimplim.swf','curso','Olympus X-760','frenteypantalla2x760.jpg','R$ 672,90','Olympus Stylus 710','Olympus-stylus-710.jpg','R$ 896,90','Fuji FinePix  A-700','FINEPIX-A700.jpg','R$ 599,90','Sony Dsc-H9','00131_sony_cybershot_h9_front.jpg','R$ 1.799,90'),('71','hanna','h1a2l3','Hanna Bazar','Hanna Bazar','titulo_loja_hanna_bazar.gif','Em Breve','Bazar','2º','212/213','21 2688 1053',NULL,NULL,'logoquadro_01_11.gif','DSCF2299.JPG','hannabazar.swf','curso','Nome','embreve_02_131.gif','VALOR','Nome','embreve_02_130.gif','VALOR','Nome','embreve_02_128.gif','VALOR','Nome','embreve_02_129.gif','VALOR'),('72','imperio','i1a2l2','Império Bijoux','Império Bijoux','titulo_loja_imperio_bijoux.gif','Em Breve','Bijuterias','2º','202','21 2688 2233',NULL,NULL,'logoquadro_01_12.gif','DSCF2321.JPG','imperiobijoux.swf','curso','Nome','embreve_02_135.gif','VALOR','Nome','embreve_02_134.gif','VALOR','Nome','embreve_02_132.gif','VALOR','Nome','embreve_02_133.gif','VALOR'),('73','index','i1a2l5','Index Informática','Index Informática','titulo_loja_index_informatica.gif','Em Breve','Curso','2º','215','21 2688 8574',NULL,NULL,'logoquadro_01_13.gif','DSCF2331.JPG','indexinformatica.swf','curso','Nome','embreve_02_139.gif','VALOR','Nome','embreve_02_138.gif','VALOR','Nome','embreve_02_136.gif','VALOR','Nome','embreve_02_137.gif','VALOR'),('75','inversao','i1a3l7','Inversão','Inversão','titulo_loja_inversao.gif','Em Breve','Vestuário Unissex e Acessórios','3º','327','21 2688 2784','nilmix@hotmail.com',NULL,'logoquadro_01_14.gif','DSCF2361.JPG','inversao.swf','vestuário feminino e masculino','Nome','embreve_02_143.gif','VALOR','Nome','embreve_02_142.gif','VALOR','Nome','embreve_02_140.gif','VALOR','Nome','embreve_02_141.gif','VALOR'),('76','itacell','i1a1l9','Itacell - Agente Autorizado Claro','Itacell -  Agente Autorizado Claro','titulo_loja_itacell_claro.gif',NULL,'Telefonia Celular e Acessórios','1º','119','21 2688 8899','adm@itacell.com.br','www.claro.com.br','logo_claro_01.gif','DSCF2268.JPG','itacel.swf','vestuário feminino e masculino','No Claro Controle 35 Sujeito a Analise','mot f3.JPG','R$ 9,90','Promoção Jornal Extra!!!!!','extra.jpg','45 selos do jornal,','Exclusividade Acessórios  Disney','imagem diney 001.jpg','R$30,00','Carregador de Carro','carreg de carro 001.jpg','R$20,00'),('77','kitchenpizzaria','k1a2l8','Kitchen Pizzaria','Kitchen Pizzaria','titulo_loja_kitchen_pizzaria.gif','Em Breve','Pizzaria','2º','208',NULL,NULL,NULL,'logoquadro_01_48.gif','DSCF2310.JPG','kitchenpizzaria.swf','vestuário feminino e masculino','Nome','embreve_02_151.gif','VALOR','Nome','embreve_02_150.gif','VALOR','Nome','embreve_02_148.gif','VALOR','Nome','embreve_02_149.gif','VALOR'),('78','kitchenselfservice','k1a2l1','Kitchen Self Service','Kitchen Self Service','titulo_loja_kitchen_self_service.gif','Em Breve','Self Service','2º','209/211',NULL,NULL,NULL,'logoquadro_01_16.gif','DSCF2303_1.JPG','kitchenselfservice.swf','vestuário feminino e masculino','Nome','embreve_02_151.gif','VALOR','Nome','embreve_02_150.gif','VALOR','Nome','embreve_02_148.gif','VALOR','Nome','embreve_02_149.gif','VALOR'),('79','kitchensorveteria','k1a2l7','Kitchen Sorveteria','Kitchen Sorveteria','titulo_loja_kitchen_sorveteria.gif','Em Breve','Sorveteria','2º','207',NULL,NULL,NULL,'logoquadro_01_49.gif','DSCF2312_1.JPG','kitchensorveteria.swf','vestuário feminino e masculino','Nome','embreve_02_151.gif','VALOR','Nome','embreve_02_150.gif','VALOR','Nome','embreve_02_148.gif','VALOR','Nome','embreve_02_149.gif','VALOR'),('80','kossuga','k1a3l2','Kossuga Advogados','Kossuga Advogados','titulo_loja_kossuga_advogados.gif',' \r\nÁreas: Cível, Trabalhista, Criminal, Empresarial, Imobiliário, Família e Contratos.\r\nUnidade Paracambi: Av. Coronel Othon, 335. Centro - Paracambi - RJ. Cep: 26600-000. Tel/Fax: 21 2683 2422  \r\n \r\n','Advocacia','3º','312','21 2687 8304','kossugaadvogados@bol.com.br',NULL,'logoquadro_01_18.gif','DSCF2377.jpg','kossugaadvogados.swf','vestuário feminino e masculino','Nome','embreve_02_155.gif','VALOR','Nome','embreve_02_154.gif','VALOR','Nome','embreve_02_152.gif','VALOR','Nome','embreve_02_153.gif','VALOR'),('81','lacqua','l1a1l5','L\'acqua Surfboard','L\'acqua Surfboard','titulo_loja_lacqua_surfboard.gif','Revendedor autorizado: Rust, HD, Kenner, Tropical Brasil e outras.','Calçados, Roupas e Acessórios Surfwear','1º','105','21 2688 2796','itglacqua@ig.com.br','www.lacquashop.com.br','logoquadro_01_19.gif','DSCF2288.JPG','lacqua.swf','vestuário feminino e masculino','Nome','embreve_02_159.gif','VALOR','Nome','embreve_02_158.gif','VALOR','Nome','embreve_02_156.gif','VALOR','Nome','embreve_02_157.gif','VALOR'),('82','loterias','l1a1l2','Loterias','Loterias','titulo_loja_loterias.gif','Em Breve','Loterias','2º','216','21 2688 7223',NULL,NULL,'logo_loterias.jpg','DSCF2262.JPG','loteria.swf','vestuário feminino e masculino','Nome','embreve_02_163.gif','VALOR','Nome','embreve_02_162.gif','VALOR','Nome','embreve_02_160.gif','VALOR','Nome','embreve_02_161.gif','VALOR'),('83','marvalle','m1a3l3','Marvalle','Marvalle','titulo_loja_marvalle.gif','Em Breve','Corretora de Seguros','3º','302/303','21 2687 7102',NULL,NULL,'logoquadro_01_20.gif','DSCF2353.JPG','marvalle.swf','vestuário feminino e masculino','Nome','embreve_02_167.gif','VALOR','Nome','embreve_02_166.gif','VALOR','Nome','embreve_02_164.gif','VALOR','Nome','embreve_02_165.gif','VALOR'),('84','mouraadvocacia','m1a4l5','Moura Advocacia','Moura Advocacia','titulo_loja_moura_advocacia.gif','Especializada em Direito do Trabalho, Civil, Direito do Consumidor, DPUAT, Responsabilidade Civil e Reparação de Danos Morais e Patrimoniais. ','Advocacia','4º','415','21 2688 3146','mouracontadv@yahoo.com.br',NULL,'logoquadro_01_21.gif','DSCF2388.JPG','mouraadvocacia.swf','vestuário feminino e masculino','Nome','embreve_02_171.gif','VALOR','Nome','embreve_02_170.gif','VALOR','Nome','embreve_02_168.gif','VALOR','Nome','embreve_02_169.gif','VALOR'),('85','mouracontabilidade','m1a3l5','Moura Contabilidade','Moura Contabilidade','titulo_loja_moura_contabilidade.gif','Escritório de Contabilidade, especializado em legalização, contabilidade mensal e administração de departamento pessoal.\r\nExperiência e confiança em todos os ramos de atividade, contando com profissionais altamente capacitados.  ','Contabilidade','3º','315','21 2688 4881','mouracontadv@yahoo.com.br',NULL,'logoquadro_01_5.gif','DSCF2376.jpg','mouracontabilidade.swf','vestuário feminino e masculino','Nome','embreve_02_171.gif','VALOR','Nome','embreve_02_170.gif','VALOR','Nome','embreve_02_168.gif','VALOR','Nome','embreve_02_169.gif','VALOR'),('86','mr.cat','m1a1l6','Mr. Cat','Mr. Cat','titulo_loja_mr_cat.gif','Em Breve','Calçados e Acessórios','1º','106','21 2688 7177',NULL,'www.mrcat.com.br','logo_mrcat_01.gif','DSCF2290.JPG','mrcat.swf','vestuário feminino e masculino','Nome','embreve_02_175.gif','VALOR','Nome','embreve_02_174.gif','VALOR','Nome','embreve_02_172.gif','VALOR','Nome','embreve_02_173.gif','VALOR'),('87','oboticario','o1a1l9','O Boticário','O Boticário','titulo_loja_o_boticario.gif','Em Breve','Cosméticos e Perfumaria','1º','109','21 2688 1321',NULL,'www.oboticario.com.br','logo_o_boticario_02.jpg','DSCF2254.JPG','oboticario.swf','vestuário feminino e masculino','Nome','embreve_02_179.gif','VALOR','Nome','embreve_02_178.gif','VALOR','Nome','embreve_02_176.gif','VALOR','Nome','embreve_02_177.gif','VALOR'),('88','oi','o1a1l1','Oi - Itaguaí Telecom','Oi - Itaguaí Telecom','titulo_loja_oi.gif','A Oi é a maior companhia de telecomunicações do Brasil em faturamento e em número de telefones instalados. Com controle 100% nacional, a empresa é pioneira no Brasil na prestação de serviços convergentes e integrados de telecomunicações. A Oi oferece transmissão de voz local e em longa distância, telefonia móvel, comunicação de dados, internet e entretenimento.   \r\n \r\n  \r\n','Telefonia Celular e Acessórios','1º','111','21 3781 0684','adm@itacell.com.br','www.oi.com.br','logo_oi_02.gif','DSCF2258.JPG','oi_2.swf','vestuário feminino e masculino','Nome','embreve_02_183.gif','VALOR','Nome','embreve_02_182.gif','VALOR','Nome','embreve_02_180.gif','VALOR','Nome','embreve_02_181.gif','VALOR'),('89','olho','o1a3l2','Olho na Arte','Olho na Arte','titulo_loja_olhonaarte.gif','Vários Cursos:\r\nFlor meia de seda, crochê, tricô, casinha de abelha, vagonite, macramê, bordado em fita, cestaria, fibra, TEAR, ponto de cruz, arraiolo. ','Artesanato','3º','322','21 3782 2622','olhonaarte@yahoo.com.br',NULL,'logoquadro_01_23.gif','DSCF2373.JPG','olhonaarte.swf','vestuário feminino e masculino','Nome','embreve_02_187.gif','VALOR','Nome','embreve_02_186.gif','VALOR','Nome','embreve_02_184.gif','VALOR','Nome','embreve_02_185.gif','VALOR'),('90','origami','o1a1l3','Origami','Origami','titulo_loja_origami.gif','Impressos, formulários, etiquetas, adesivos, brinquedos, mochilas, embalagens para presentes, cadernos, fichários, pastas, papéis para diversas finalidades, material para desenho e pintura e outros. ','Papelaria e Presentes','1º','103','21 2688 2944',NULL,NULL,'logo_origami.jpg','DSCF2285.JPG','origami.swf','vestuário feminino e masculino','Nome','embreve_02_191.gif','VALOR','Nome','embreve_02_190.gif','VALOR','Nome','embreve_02_188.gif','VALOR','Nome','embreve_02_189.gif','VALOR'),('91','romaneli','r1a1l1','Romaneli Lanches','Romaneli Lanches','titulo_loja_romaneli_lanches.gif','Em Breve','Lanchonete','1º','001',NULL,NULL,NULL,'logoquadro_01_24.gif','DSCF2298.JPG','romaneli_2.swf','vestuário feminino e masculino','Nome','embreve_02_195.gif','VALOR','Nome','embreve_02_194.gif','VALOR','Nome','embreve_02_192.gif','VALOR','Nome','embreve_02_193.gif','VALOR'),('92','shopping','s1a2l0','Shopping das Pizzas','Shopping das Pizzas','titulo_loja_shopping_das_pizzas.gif','Pizzas, panquecas, lasanhas, canelone, nhoques, espaguetes. Refrigerentes, sucos, vinho, cerveja.','Pizzaria','2º','210','21 2688 3272',NULL,NULL,'logoquadro_01_25.gif','DSCF2308.JPG','shoppingdaspizzas.swf','plano de saúde','Nome','embreve_02_199.gif','VALOR','Nome','embreve_02_198.gif','VALOR','Nome','embreve_02_196.gif','VALOR','Nome','embreve_02_197.gif','VALOR'),('93','startel','s1a1l0','Startel (Vivo)','Startel (Vivo)','titulo_loja_startel_vivo.gif','Startel o seu revendedor Vivo.\r\nDuas lojas em Itaguaí para melhor servi-lo:\r\nNo Itaguaí Shopping Center e na praça de Itaguaí, no Centro.\r\nVenda de aparelhos de celular, acessórios, cartões de recarga, consertos de celular e muito mais. ','Telefonia Celular e Acessórios','1º','120','21 2688 3217','starteli@uol.com.br','www.startell.com.br','logo_startel_01.jpg','DSCF2276.JPG','startel.swf','plano de saúde','Nome','embreve_02_203.gif','VALOR','Nome','embreve_02_202.gif','VALOR','Nome','embreve_02_200.gif','VALOR','Nome','embreve_02_201.gif','VALOR'),('94','tecno','t1a3l7','Tecno Pc Itaguaí Informática LTDA','Tecno Pc','titulo_loja_tecno_pc.gif','Seja Bem Vindo.','Informática','3º','307','21 2688 4813','tecnopc@tecnopc.com.br      /       tecno_pc_@hotmail.com','www.tecnopc.com.br','logo.png','loja.jpg','tecnopc.swf','plano de saúde','Gabinete ATX','rja220d.jpg','Venha conferir.','Teclado Multimídia','w15.jpg','à partir de R$18,00','Headphone','ve928.jpg','Vários Modelos.','Web Cam','pk-5-1b.gif','à partir de R$ 45,00'),('95','tim','t1a1l4','TIM VIP Itaguaí','TIM VIP Itaguaí','titulo_loja_tim.gif','Posto de coleta para assistência técnica, realização de todos os serviços prestados pela operadora, venda de todos os acessórios originais de todos os fabricantes, venda de recarga, impressão de 2ª via de conta TIM. ','Telefonia Celular e Acessórios','1º','113/114','21 2688 3991',NULL,'www.tim.com.br','logo_tim_01.gif','DSCF2263.JPG','tim.swf','plano de saúde','Nome','embreve_02_211.gif','VALOR','Nome','embreve_02_210.gif','VALOR','Nome','embreve_02_208.gif','VALOR','Nome','embreve_02_209.gif','VALOR'),('96','toca','t1a1l8','Toca das Jóias','Toca das Jóias','titulo_loja_toca_das_joias.gif','Em Breve','Jóias','1º','118','21 2688 0308',NULL,NULL,'logoquadro_01_26.gif','DSCF2274.JPG','tocadasjoias.swf','plano de saúde','Nome','embreve_02_215.gif','VALOR','Nome','embreve_02_214.gif','VALOR','Nome','embreve_02_212.gif','VALOR','Nome','embreve_02_213.gif','VALOR'),('97','totality','t1a3l1','Totality Modas','Totality Modas','titulo_loja_totality_modas.gif','Em Breve','Vestuário Feminino','3º','311','21 2688 7912',NULL,NULL,'logo_totality_01.jpg','DSCF2339.JPG','totalitymodas.swf','plano de saúde','Nome','embreve_02_219.gif','VALOR','Nome','embreve_02_218.gif','VALOR','Nome','embreve_02_216.gif','VALOR','Nome','embreve_02_217.gif','VALOR'),('98','tsh','t1a2l1','TSH Informática','TSH Informática','titulo_loja_tsh_informatica.gif','Em Breve','Informática','2º','201','21 2688 2491',NULL,NULL,'logoquadro_01_27.gif','DSCF2324.JPG','tshinformatica.swf','plano de saúde','Nome','embreve_02_223.gif','VALOR','Nome','embreve_02_222.gif','VALOR','Nome','embreve_02_220.gif','VALOR','Nome','embreve_02_221.gif','VALOR'),('99','unicred','u1a2l1','Unicred','Unicred','titulo_loja_unicred.gif','A sede da Cooperativa fica no seguinte endereço:\r\nRua Profª. Venina Correia Torres, 230, sala 505, Centro - Nova Iguaçu. Cep: 26221-200 ','Cooperativa Crédito e Empréstimos','2º','221','21 2688 7210','itaguai@unicred-niguacu.com.br','www.unicred-niguacu.com.br','logo_unicred.gif','DSCF2316.JPG','unicred.swf','plano de saúde','Nome','embreve_02_227.gif','VALOR','Nome','embreve_02_226.gif','VALOR','Nome','embreve_02_224.gif','VALOR','Nome','embreve_02_225.gif','VALOR'),('100','unimed','u1a2l7','Unimed Costa Verde','Unimed Costa Verde','titulo_loja_unimed_costa_verde.gif','Esta loja da Unimed, destina-se a parte administrativa do setor Comercial. Loja de Vendas no Calçadão de Itaguaí','Plano de Saúde','2º','217','21 2688 4919','comercial@costaverde.unimed.com.br','www.unimedcostaverde.com.br','logo nova Unimed.jpg','DSCF2329.JPG','unimedcostaverde.swf','plano de saúde','Promoção de Novembro','embreve_02_231.gif','desc 1ª mensalide','Promoção Novembro','embreve_02_230.gif','1 consulta imediata','Promoção Novembro','embreve_02_228.gif','Isenção SOS','Promoção Novembro','embreve_02_229.gif','Redução Carência'),('103','debug','d1a2l8','Debug','Debug','titulo_loja_debug.gif','Em Breve','Informática','2º','218','21 2688 0892',NULL,NULL,'logoquadro_01_22.gif','embreve_03_gr_2.gif','debug.swf','informática','Nome','embreve_02_147.gif','Valor','Nome','embreve_02_146.gif','Valor','Nome','embreve_02_144.gif','Valor','Nome','embreve_02_145.gif','Valor'),('102','seacult','s1a1l1','Seacult','Seacult','titulo_loja_seacult.gif','Em Breve','Roupa Feminina e Masculina','1º','121','21 2688 3106',NULL,NULL,'logoquadro_01_10.gif','embreve_03_gr_4.gif','seacult.swf','vestuário feminino e masculino','Nome','embreve_02_207.gif','Valor','Nome','embreve_02_206.gif','Valor','Nome','embreve_02_204.gif','Valor','Nome','embreve_02_205.gif','Valor'),('104','fafashion','f1a1l7','Fa Fashion','Fa Fashion','titulo_loja_fa_fashion.gif','Em Breve','Acessório Feminino','1º','117',NULL,NULL,NULL,'logoquadro_01_51.gif','embreve_03_gr_5.gif','fafashion.swf','acessório feminino','Nome','embreve_02_235.gif','Valor','Nome','embreve_02_234.gif','Valor','Nome','embreve_02_232.gif','Valor','Nome','embreve_02_233.gif','Valor'),('105','biografia','b1a2l3','Biografia','Biografia','titulo_loja_biografia.gif','Em Breve','Vestuário Feminino','2º','203',NULL,NULL,NULL,'logoquadro_01_53.gif','embreve_03_gr_1.gif','biografia.swf','vestuário feminino','Nome','embreve_02_127.gif','Valor','Nome','embreve_02_126.gif','Valor','Nome','embreve_02_124.gif','Valor','Nome','embreve_02_125.gif','Valor'),('106','misterbaby','m1a1l5','Mister Baby','Mister Baby','titulo_loja_misterbaby.gif','Tamanhos de 0 a 12 anos e prematuro','Moda Infantil e Acessórios','1º','112','21 2688 4232','misterbabymix@gmail.com',NULL,'Mister baby logo_1.jpg','big 008.jpg','','moda infantil','Até 6x s/ juros nos cartões Credicard e Visa','img053.jpg',NULL,'Sempre tem promoção!!Venha conferir!!!','Mister baby logo.jpg',NULL,NULL,NULL,NULL,NULL,NULL,NULL),('107','jubajujuba','j1a2l7','Juba Jujuba','Juba Jujuba','titulo_loja_jubajujuba.gif','Em Breve','Moda Infantil','2º','220','21 2688 2432',NULL,NULL,'','foto_loja_jubajujuba.jpg','','moda infantil',NULL,NULL,NULL,NULL,NULL,NULL,NULL,NULL,NULL,NULL,NULL,NULL);

/*Table structure for table `novidades` */

DROP TABLE IF EXISTS `novidades`;

CREATE TABLE `novidades` (
  `id` bigint(20) NOT NULL auto_increment,
  `titulo` varchar(200) default NULL,
  `resumo` varchar(100) default NULL,
  `materia` longtext,
  `data` varchar(20) default NULL,
  `categoria` varchar(50) default NULL,
  `imagem` varchar(30) default NULL,
  `imagem_titulo` varchar(50) default NULL,
  PRIMARY KEY  (`id`)
) TYPE=MyISAM;

/*Data for the table `novidades` */

insert  into `novidades`(`id`,`titulo`,`resumo`,`materia`,`data`,`categoria`,`imagem`,`imagem_titulo`) values ('129','Campanhas Promocionais','Fique por dentro de todas as campanhas promocionais de datas comemorativas, realizadas pelo...','Fique por dentro de todas as campanhas promocionais de datas comemorativas, realizadas pelo Itaguaí Shopping Center. Nesta área do nosso web site você ficará por dentro do que há por vir e ver fotos, vídeos exclusivos, depoimentos e comentários sobre como foram os eventos anteriores. Então fique a vontade e navegue bastante em nosso mais novo ambiente interativo. Será um imenso prazer recebê-los, agora também na web. \r\n\r\nItaguaí Shopping Center, inovando para você!\r\n','28.11.2007','Qual é a Boa?','img_teste_home_01_2.jpg','titulo_entretenimento_eventos_lazer.gif'),('132','Natal no Itaguaí Shopping Center','Não perca, venha  encontrar com o Papai Noel no Itaguaí Shopping...','Não perca, venha encontrar com o Papai Noel no Itaguaí Shopping Center, ele estará te esperando nos dias 10.12.2007 à 24.12.2007 das 16:00 às 20:00hs. Aproveite para apreciar as decorações natalinas,visitar e tirar fotos com o bom velhinho.<p><p/>ITAGUAÍ SHOPPING SEU NATAL MAIS FELIZ!','12.12.2007','Eventos','index.jpg','titulo_entretenimento_eventos_lazer_3.gif'),('131','Itaguaí Shopping Center',' O Itaguaí Shopping Center veio confirmar as mais otimistas expectativas desde a sua inauguração...',' O Itaguaí Shopping Center veio confirmar as mais otimistas expectativas desde a sua inauguração, em setembro de 1999. Apenas nos primeiros meses foram locadas 23 lojas; nos meses de novembro e dezembro mais de 100 mil consumidores circularam pelo shopping. Com a adequação dos recursos disponíveis, atingiu-se o público alvo de sua área de influência, incluindo formadores de opinião.\r\n\r\nEm um ano de funcionamento do Itaguaí Shopping Center o objetivo da administradora aliada com a administração do shopping e o síndico foi a busca da integração do shopping com a comunidade.\r\n\r\nPara integrarmos o shopping à comunidade é preciso sermos eficientes e eficazes. Conscientizando-nos que devemos nos integrar ao mercado na conquista de novos clientes, manter fiéis os atuais e priorizar o pagamento das cotas condominais.\r\n\r\nPara conquistarmos o consumidor é preciso cativá-lo, conquistá-lo e encantá-lo, mais do que simplesmente atender as suas necessidades. Eles querem e precisam ser entretidos. Não necessariamente por super lojas, mas por qualidade, serviço, carinho e afeto. Está mais do que provado que o êxito de qualquer empreitada depende não apenas da competência dos que dela participam, mas principalmente, do empenho e participação de cada um.\r\n\r\nHoje, reformulado nosso mix de lojas, o Itaguaí Shopping Center está sendo um equipamento comercial de grande poder junto à comunidade.  \r\n \r\n ','28.11.2007','Itaguaí Shopping Center','img_teste_home_01_3.jpg','titulo_shopping_novidades.gif'),('133','Mensagem de páscoa do Itaguaí Shopping','Feliz Páscoa para todos e o que deseja o Itaguaí Shopping Center...','A riqueza da mensagem de Páscoa está na sua simplicidade e no verdadeiro sentido: “Páscoa é a passagem! Transformação! Mudança de estado de ânimo e de espírito!\r\nÉ o recomeçar de uma nova vida!”\r\n\r\nFeliz Páscoa para todos! É o que deseja o Itaguaí Shopping Center!','23.03.2008','Eventos','img01.jpg','titulo_01.gif'),('134','Mensagem de Dia das Mães','Falar das mães é falar de Deus, pois no coração delas está o verdadeiro amor. Amor que poderia...','Falar das mães é falar de Deus, pois no coração delas está o verdadeiro amor. Amor que poderia até ser usado como exemplo, amor que se dá sem pedir recompensa. \r\nSem cobrança, sem distinção, sem egoísmo e até sem medir distância, nunca deixa de ser amor. \r\nSua luta no dia a dia a faz uma mulher madura, competente, que sabe o que quer para sua vida. \r\n\r\nSexo frágil sim. \r\nMas acomodada não. \r\n\r\nCada dia mais preparada, mas consciente de que o mundo foi feito para ambos os sexos e faz de tudo para que seus direitos e seus ideais sejam respeitados. \r\n\r\nCom coragem e persistência luta a cada dia para ajudar na felicidade da família. \r\n\r\nParabéns mamãe pela passagem do teu dia! É o que deseja o Itaguaí Shopping Center!','09.05.2008','Eventos','dia_das_maes.jpg','titulo_01_1.gif'),('126','Lançamento do Nosso Web Site','Para melhor atender seus visitantes, o Itaguaí Shopping Center, através da agência de Criação...','Para melhor atender seus visitantes, o Itaguaí Shopping Center, através da agência de Criação de Identidade Visual “Lobster Designer”, está desenvolvendo o seu web site institucional. Contendo diversas informações de eventos, entretenimento, lazer, lojas, novidades, entre outras. Então fique a vontade e navegue bastante em nosso mais novo ambiente interativo. Será um imenso prazer recebê-los, agora também na web. \r\n\r\nItaguaí Shopping Center, inovando para você!\r\n','28.11.2007','Na Web','titulo_shopping_novidades_2.gi','titulo_novidades_naweb_1.gif'),('127',' Planta Virtual','Para obter uma maior interatividade com seu público virtual. O Itaguaí Shopping Center, contará...','Para obter uma maior interatividade com seu público virtual. O Itaguaí Shopping Center, contará com a ajuda de uma ferramenta interativa em seu web site institucional, super atrativa, a “Planta Virtual”, onde os visitantes do web site poderão navegar entre andares e clicar nas lojas para obter todas as informações necessárias, e muito mais. Então fique a vontade e navegue bastante em nosso mais novo ambiente interativo. Será um imenso prazer recebê-los, agora também na web.\r\n\r\nItaguaí Shopping Center, inovando para você!\r\n','28.11.2007','Serviços','img_teste_home_01_1.jpg','titulo_shopping_novidades_1.gif'),('128','Música Ao Vivo','Violão e voz com cantores solos e grupos conceituados da região, todas as sextas, das 17 às 20h...','Violão e voz com cantores solos e grupos conceituados da região, todas as sextas, das 17 às 20h, na praça de alimentação do Itaguaí Shopping.\r\n\r\nVenha se divertir conosco! ','28.11.2007','Fim de Semana','img_musicaaovivo_01.jpg','titulo_entretenimento_eventos_lazer_1.gif'),('123','Dia das Crianças no Itaguaí Shopping','Confira aqui como foi a super festa de comemoração do Dia das Crianças no Itaguaí Shopping...','Nos dias 09, 10 e 11 de outubro de 2007 o Itaguaí Shopping promoveu um grande evento para as crianças, com:Cama elástica, Personagens infantis, Distribuição de pipoca, algodão doce e doces e muito mais.\r\n','28.11.2007','Eventos','dia_criancas_home_01.jpg','titulo_entretenimento_eventos_lazer_2.gif'),('135','Dia dos Namorados','Dia 12/06 - O melhor lugr de encontro, com várias opções de presentes...','\"O amor é uma plantinha que a gente cuida todo dia.\r\nÉ preciso pegar sol, ser regada e receber adubo para florescer,\r\ncultivar o afeto pouco a pouco. Conhecer cada vez mais um ao outro,\r\ne admirar o que o outro é. Escutar e procurar entender o que cada\r\num diz e tentar resolver só o que pode ter solução. Ter paciência\r\npara superar os impasses. A cada dia a gente cede um pouquinho..\r\nfaz trocas, fica atento um ao outro. Tem que haver cumplicidade e\r\num tem que confiar no outro.\r\n\r\nDia: 12/06\r\ninício: 18:00 h às 21:00 h\r\n\r\nMusica ao vivo e Sorteio de Brindes\r\n\r\nItaguaí Shopping Center - O melhor lugr de encontro, com várias opções de presentes.','12.06.2008','Eventos','img02.jpg','titulo_01_2.gif');

/*Table structure for table `poller` */

DROP TABLE IF EXISTS `poller`;

CREATE TABLE `poller` (
  `ID` int(11) NOT NULL auto_increment,
  `pollerTitle` varchar(255) default NULL,
  PRIMARY KEY  (`ID`)
) TYPE=MyISAM;

/*Data for the table `poller` */

insert  into `poller`(`ID`,`pollerTitle`) values ('1','O Que você está achando do site do Itaguaí Shopping Center?');

/*Table structure for table `poller_option` */

DROP TABLE IF EXISTS `poller_option`;

CREATE TABLE `poller_option` (
  `ID` int(11) NOT NULL auto_increment,
  `pollerID` int(11) default '1',
  `optionText` varchar(255) default NULL,
  `pollerOrder` int(11) default NULL,
  `defaultChecked` char(1) default '0',
  PRIMARY KEY  (`ID`)
) TYPE=MyISAM;

/*Data for the table `poller_option` */

insert  into `poller_option`(`ID`,`pollerID`,`optionText`,`pollerOrder`,`defaultChecked`) values ('567','1','Excelente','1','1'),('568','1','Bom','2','0'),('569','1','Regular','3','0'),('570','1','Ruim','4','0');

/*Table structure for table `poller_vote` */

DROP TABLE IF EXISTS `poller_vote`;

CREATE TABLE `poller_vote` (
  `ID` int(11) NOT NULL auto_increment,
  `optionID` int(11) default NULL,
  `ipAddress` varchar(255) default NULL,
  PRIMARY KEY  (`ID`)
) TYPE=MyISAM;

/*Data for the table `poller_vote` */

insert  into `poller_vote`(`ID`,`optionID`,`ipAddress`) values ('1','2','127.0.0.1'),('54','567','189.0.149.122'),('55','567','200.220.193.253'),('56','567','201.51.239.226'),('57','567','201.51.221.13'),('58','567','201.51.217.213'),('59','567','201.51.217.213'),('60','567','201.51.205.231'),('61','567','189.0.238.20'),('62','567','201.51.241.253'),('63','567','200.220.193.253'),('64','567','200.220.193.253'),('65','567','201.51.227.55'),('66','567','189.0.154.34'),('67','568','201.32.9.76'),('68','570','200.154.52.6'),('69','569','201.29.92.3'),('70','567','201.29.14.163'),('71','567','201.29.85.41'),('72','567','200.220.246.104'),('73','568','201.51.241.96'),('74','567','201.51.240.108'),('75','567','189.24.177.143'),('76','567','189.24.164.162'),('77','567','201.29.2.115'),('78','567','189.24.83.81'),('79','570','201.51.200.38'),('80','567','200.149.166.170'),('81','570','201.32.38.177'),('82','567','189.24.119.251'),('83','570','200.222.27.249'),('84','567','201.51.234.198'),('85','567','201.29.19.129'),('86','570','201.29.94.72'),('87','567','189.0.226.37'),('88','568','200.222.27.249'),('89','570','189.48.169.231'),('90','567','189.24.117.222'),('91','570','201.51.203.189'),('92','568','200.222.27.249'),('93','570','201.29.28.11'),('94','567','189.24.92.206'),('95','567','200.220.196.11'),('96','570','201.51.194.245'),('97','570','201.29.58.9'),('98','567','189.94.25.121'),('99','567','200.222.27.249');

/*Table structure for table `user` */

DROP TABLE IF EXISTS `user`;

CREATE TABLE `user` (
  `id` bigint(20) NOT NULL auto_increment,
  `nome` varchar(30) default NULL,
  `senha` varchar(30) default NULL,
  `level` bigint(30) default NULL,
  PRIMARY KEY  (`id`)
) TYPE=MyISAM;

/*Data for the table `user` */

insert  into `user`(`id`,`nome`,`senha`,`level`) values ('6','igor','igor2007',NULL),('7','victor','victor',NULL);

/*!40101 SET SQL_MODE=@OLD_SQL_MODE */;
/*!40014 SET FOREIGN_KEY_CHECKS=@OLD_FOREIGN_KEY_CHECKS */;
